oof_mean_squared_error,experiment_#,experiment_id,hyperparameter_key,cross_experiment_key,algorithm_name
8.801957462856338,91,f696d273-0b33-48c8-b3fa-6c81953181be,-paotyUv_74QAQXjBWNwbqUJ8v-6vy52IDZ36Mndh8M=,p8Z-9VmATBVOpSZS7_2Em2-jou21FWBJcb89heDi-Nc=,XGBRegressor
8.80195588309507,82,9e3ae4c1-9894-43e6-9c09-93523c8f4b71,8enlDQG0db-FLAhRjUQQlUPwVpsEBKVRGsMmSdxgvp8=,p8Z-9VmATBVOpSZS7_2Em2-jou21FWBJcb89heDi-Nc=,XGBRegressor
8.801954126571863,66,eeca05ae-80b3-4555-883f-264d34ed0fc7,Ll7o6zC9F5u5H0mpPwwUkXnCngktN5fZKirsG1LDCxs=,p8Z-9VmATBVOpSZS7_2Em2-jou21FWBJcb89heDi-Nc=,XGBRegressor
8.801954027135597,67,3983373a-0166-4f76-b790-6462bc467273,uWbxNy0nTW9c8bW_rITsA_gWCn01N5fUaztTsVl5OR8=,p8Z-9VmATBVOpSZS7_2Em2-jou21FWBJcb89heDi-Nc=,XGBRegressor
8.80194629100801,89,00529bf6-f5de-4481-81ed-6941e20caa0f,XdxMlhR_hI7F92dzR1_I7eLIjR44-YQ3YoYsCHbp2Vs=,p8Z-9VmATBVOpSZS7_2Em2-jou21FWBJcb89heDi-Nc=,XGBRegressor
8.801945067438956,74,ecdac66d-dddb-4b1c-9e2c-faadf8abb39a,NC2w_kjiu60VFwMPgawq-Z3ZeGVjcDOdBCqz6YeZhz0=,p8Z-9VmATBVOpSZS7_2Em2-jou21FWBJcb89heDi-Nc=,XGBRegressor
8.801943855852588,35,206203b4-7196-4c33-b433-24cd85be65a0,IFf4bTHpglmAran5bX_QSbKtsFz5opaj2P2uQtHtlbI=,p8Z-9VmATBVOpSZS7_2Em2-jou21FWBJcb89heDi-Nc=,XGBRegressor
8.801943855852588,28,bbf92f18-46e6-459c-9d30-3bdeb1b49fae,FzFEcL2lpNtgs1lS4prQjO7itWg8PX8fzPYkjCAV4VI=,p8Z-9VmATBVOpSZS7_2Em2-jou21FWBJcb89heDi-Nc=,XGBRegressor
8.801943621013027,83,7c913bae-43b3-4d46-be3f-a0ecc2c6f22f,28CFE3wWNXJSahIE0aXbxN6LqlNjP2TJKCg4iZchl8c=,p8Z-9VmATBVOpSZS7_2Em2-jou21FWBJcb89heDi-Nc=,XGBRegressor
8.801943150442591,19,63f6ebda-afac-4812-81f5-eee5d4a7ebb5,vbdecFxEmXFeiamIVpiWJhWzV0wtg0aS4UG9-Mq_LvQ=,p8Z-9VmATBVOpSZS7_2Em2-jou21FWBJcb89heDi-Nc=,XGBRegressor
8.801943069566049,84,70d7dbfc-fe05-44b2-955c-1031e9cb15ed,vDCSMSwa4yH6_GFu8lBdKjbGML27vc0Ox4YSXP5uRaE=,p8Z-9VmATBVOpSZS7_2Em2-jou21FWBJcb89heDi-Nc=,XGBRegressor
8.801942224606329,70,f8e18f13-09ab-4460-9dba-84d03c86602f,2cwIkUi_YSbofdgwYXO5Lx2VWfvmx2jUnyFt2QRULYc=,p8Z-9VmATBVOpSZS7_2Em2-jou21FWBJcb89heDi-Nc=,XGBRegressor
8.801942106480354,72,cab7ef51-238d-41fc-b463-13496b2110c0,3akMNuJkVNiBwXhE3Ahu79s1RnMBpx27EUvcsXrBZmU=,p8Z-9VmATBVOpSZS7_2Em2-jou21FWBJcb89heDi-Nc=,XGBRegressor
8.801942074405396,47,2ebaa71d-7b97-4ac9-9111-fae76e415480,fr6mnHiJmH7zz3fG9mfvU51tlBWJgPyN6HgpxGLaInE=,p8Z-9VmATBVOpSZS7_2Em2-jou21FWBJcb89heDi-Nc=,XGBRegressor
8.801942074405396,34,9c866b17-fc6b-433e-b82c-21bf54fbb810,UoDZ2L3zeVzeH2A02RBQJqkPvJvjfp-i0LV-8GsmPLU=,p8Z-9VmATBVOpSZS7_2Em2-jou21FWBJcb89heDi-Nc=,XGBRegressor
8.80194205769656,79,b185aad3-5737-4bd1-85df-e295a29d27cc,M4ClwsC-BB9ki723Gmfzw_qgymUVXpzqf5ADCkIywc0=,p8Z-9VmATBVOpSZS7_2Em2-jou21FWBJcb89heDi-Nc=,XGBRegressor
8.801941956943965,90,0a63d816-a307-47d5-b66c-ec4ba4d2f840,feXLR7ZijDHwaxV22pR73zej73mK8CeeYSYIOq8pmkQ=,p8Z-9VmATBVOpSZS7_2Em2-jou21FWBJcb89heDi-Nc=,XGBRegressor
8.801941407466845,76,438cefcf-288e-4a82-b307-9db32b9d3e52,x8yojNfOBGkpXmJCxQHFhWKkBLrqZMzqGM0uOFIz9Nw=,p8Z-9VmATBVOpSZS7_2Em2-jou21FWBJcb89heDi-Nc=,XGBRegressor
8.801940567077208,71,ad5f44b3-1746-452e-b192-05471a96a430,vQ1RMqgCwQmXDtuJx3GZHAofaiyL-vXCST6Y41Y2iJ4=,p8Z-9VmATBVOpSZS7_2Em2-jou21FWBJcb89heDi-Nc=,XGBRegressor
8.801940214870774,62,d59af4b8-ecd9-4a60-95a6-beeb07abb242,oQXUlek1DRbi3d-E9ZOjwB_hUZArPnqz5SKSrH3-eEE=,p8Z-9VmATBVOpSZS7_2Em2-jou21FWBJcb89heDi-Nc=,XGBRegressor
8.801939954809448,60,c37c372f-747b-4640-94f6-98b26f00253f,CHEyzh99I__vfuTmzgpMR23x649y5ElzMjdVcF61A8s=,p8Z-9VmATBVOpSZS7_2Em2-jou21FWBJcb89heDi-Nc=,XGBRegressor
8.801939470765793,44,6e1c92a2-1f3e-440f-b790-09bb01b821e6,iZPr_euqhV5h2JzVPECGFOck0I-ZHt9oLo27_630CQ8=,p8Z-9VmATBVOpSZS7_2Em2-jou21FWBJcb89heDi-Nc=,XGBRegressor
8.80193909601139,38,4bae68b6-e163-4e57-af0e-a7ef492fc5f2,F4pBM2AjL_XSKQndhIvslXlS_bSBY2m5DWtVk_Vfdw4=,p8Z-9VmATBVOpSZS7_2Em2-jou21FWBJcb89heDi-Nc=,XGBRegressor
8.80193909601139,33,11b1df1e-dc19-40d3-80bf-cc92973ea34c,ccOZvZKn0g19rz9hMxn4anWldzt_ZVDDO0VlzAB1svo=,p8Z-9VmATBVOpSZS7_2Em2-jou21FWBJcb89heDi-Nc=,XGBRegressor
8.801939095576016,85,e4a8082e-9762-4b29-9087-9a6b51006765,K0qkd37nLi4Fx0bPobuyg7Q6Mt3-bqK3itXQv0wJymM=,p8Z-9VmATBVOpSZS7_2Em2-jou21FWBJcb89heDi-Nc=,XGBRegressor
8.801938974061283,45,5bfb5aaa-b1b7-48a5-9aa5-6b86744bcfc9,vql-vOONhcwmzIiZpnXuphCBiVFu3nA3NJqfxXFy92A=,p8Z-9VmATBVOpSZS7_2Em2-jou21FWBJcb89heDi-Nc=,XGBRegressor
8.8019388921384,57,c2d482e5-992c-461c-ae32-3ec7909bb398,B_OQf3DK1zG8gdn7-96ZHn6f7p_kdikTxIeA_Ea8leE=,p8Z-9VmATBVOpSZS7_2Em2-jou21FWBJcb89heDi-Nc=,XGBRegressor
8.801938601366173,77,8bed7d25-23b8-47a9-a804-57cb1f773682,AkK1qtT0VnvEH1L_aE472TYIjj7xKCEdWURA4Toxz2Q=,p8Z-9VmATBVOpSZS7_2Em2-jou21FWBJcb89heDi-Nc=,XGBRegressor
8.801937488396645,61,dd9cbc9b-cd7e-4e29-b606-12c4d3f2acb6,rXJYxDi3treK7XzTujBvdPKrSGnRR5KUZuF1BvmX-HE=,p8Z-9VmATBVOpSZS7_2Em2-jou21FWBJcb89heDi-Nc=,XGBRegressor
8.801937488396645,48,ac82aed3-6af2-4dce-8aae-ce4dc8ddb64c,VHBKZ2b8BTUwka-4FAZXC2tn_zPvue8JXsDg1FngrwQ=,p8Z-9VmATBVOpSZS7_2Em2-jou21FWBJcb89heDi-Nc=,XGBRegressor
8.801937488396645,30,178f208b-fff6-4290-aa56-9e786c6bbd4b,x0stmJOya43ADktnJsdFWl6m5eUPtF2U8NzlzQpV_PE=,p8Z-9VmATBVOpSZS7_2Em2-jou21FWBJcb89heDi-Nc=,XGBRegressor
8.801937488396645,25,13a6a237-272f-4e54-8a89-97bb9fbc6e02,KtREyn61_yaETGGMdet8L5pQUr8gK1FRJBsBTDsA5Vw=,p8Z-9VmATBVOpSZS7_2Em2-jou21FWBJcb89heDi-Nc=,XGBRegressor
8.801071424437403,69,69008658-12dd-4051-be43-3808697a0a5b,AGkTnlFDnJqnfY_i1cDAWrwJjRq18aXdywmzS8T05Sg=,p8Z-9VmATBVOpSZS7_2Em2-jou21FWBJcb89heDi-Nc=,XGBRegressor
8.801067467866492,80,f951f778-0e2e-46d9-bf50-066ee57252ff,oqOBjz0GA0i6ep17k2eMgoX2vN00Stw4qvqVu7Y087g=,p8Z-9VmATBVOpSZS7_2Em2-jou21FWBJcb89heDi-Nc=,XGBRegressor
8.8007859007342,15,9d11de91-eaa8-4098-8150-985b0b74260a,Uxx6U9o7il6qpzkM6pFGMdAOk32MWnZ4ll9kwYlEgWA=,p8Z-9VmATBVOpSZS7_2Em2-jou21FWBJcb89heDi-Nc=,XGBRegressor
8.800766175237765,22,904c0488-fa1c-41cd-9ef9-3bcad4387b8e,hpF_6m9kmTg73-zysyx497Iz6l9r9s6yoqGfNUNTIL8=,p8Z-9VmATBVOpSZS7_2Em2-jou21FWBJcb89heDi-Nc=,XGBRegressor
8.80075990422431,14,e2f4245a-09f7-49bf-bb05-554b664c6ade,imDuMi_Ku-R_fZcuyt6uXB_6YF_OhPXCIBWoFRbgJI4=,p8Z-9VmATBVOpSZS7_2Em2-jou21FWBJcb89heDi-Nc=,XGBRegressor
8.800748916360735,21,8a68d233-2ce3-4280-be85-c75be0ddbe17,AlqILo8bfNJBy82DGV0PImttGXwlGYyAun3k_fruA3E=,p8Z-9VmATBVOpSZS7_2Em2-jou21FWBJcb89heDi-Nc=,XGBRegressor
8.800739758219887,56,3011e477-29e7-4e47-81d2-913f64a55307,tkKhlBtXdtJbV7rSm52cXIWlFjOATD4BORL7cQhVrBY=,p8Z-9VmATBVOpSZS7_2Em2-jou21FWBJcb89heDi-Nc=,XGBRegressor
8.800722794424253,92,24e5f3b5-185b-4f0d-b67b-57d9bf82351d,WJ4J4sgRF2VThwec7wa6xbOYMv8OOdhKVeRjt6jF70A=,p8Z-9VmATBVOpSZS7_2Em2-jou21FWBJcb89heDi-Nc=,XGBRegressor
8.800719544134115,58,b74111ff-7eb2-4544-988c-816bba85b452,imus9ztwhKU9ko8uWd6WUZ6YSSuikJQB8N5iNckmPwI=,p8Z-9VmATBVOpSZS7_2Em2-jou21FWBJcb89heDi-Nc=,XGBRegressor
8.800716809668236,51,06b9d45f-3bad-4170-8516-6631b7aac92a,TOe0WQA02OHhiiIC2zEIK_TegRjoUofIdfwqDYmm6lo=,p8Z-9VmATBVOpSZS7_2Em2-jou21FWBJcb89heDi-Nc=,XGBRegressor
8.800707150636027,53,0173bcf5-15cd-4495-808f-c1c88829323a,zEac3pIF9x7wx-JcMATixGfCSff63JjbNLAtBlbnnTM=,p8Z-9VmATBVOpSZS7_2Em2-jou21FWBJcb89heDi-Nc=,XGBRegressor
8.800705308998364,68,ea0fb65e-8c62-4b4e-aac0-91a07cc41e29,TigrJTsypH5f8Oa57fdXyyOdM1Sg2RHwK0NDVZrJokw=,p8Z-9VmATBVOpSZS7_2Em2-jou21FWBJcb89heDi-Nc=,XGBRegressor
8.80069735182995,78,bbe1bfb8-6faa-46d6-8151-e2e34f358778,4CU8jIyACEGM27hH4WvEPFZ--k_AXVrKzl_4mUbjqUA=,p8Z-9VmATBVOpSZS7_2Em2-jou21FWBJcb89heDi-Nc=,XGBRegressor
8.80069689630682,63,8d13ac1e-5bbf-40fe-b96b-8f27df90786b,RMR4NDaOIzXr1GXqCOZgOG_N6uvWYJqMllYJb0awsV4=,p8Z-9VmATBVOpSZS7_2Em2-jou21FWBJcb89heDi-Nc=,XGBRegressor
8.800679806112367,73,39e8ff19-131f-4253-8b1a-fcbc6ec38cf3,H3Mn1m4AgMyHGw-Jgkws2nPkTG2DqpG2eOCe1f3tqp4=,p8Z-9VmATBVOpSZS7_2Em2-jou21FWBJcb89heDi-Nc=,XGBRegressor
8.800673137310957,39,3b7be02a-e8a4-4045-a9b9-69bdaae4eb1e,VT8t2SUDhA4s8fOTh8bfxQ0XmKy4wSB8q5jCMviMF9E=,p8Z-9VmATBVOpSZS7_2Em2-jou21FWBJcb89heDi-Nc=,XGBRegressor
8.80067029255921,75,dc350031-f926-4e1c-8b9c-9b771590d2c5,OSEjlAyZnkEQ38Dr71S5sNNAu1RWnoYD8ug_TxtOatU=,p8Z-9VmATBVOpSZS7_2Em2-jou21FWBJcb89heDi-Nc=,XGBRegressor
8.800668963806954,87,44bff7be-e9c7-4751-b9cb-2de9e9a69424,sL2jWWooWgR9o2S-7OHUtlHBb3twOAPtuslCunGF5Cs=,p8Z-9VmATBVOpSZS7_2Em2-jou21FWBJcb89heDi-Nc=,XGBRegressor
8.800666631472414,93,4f5c71ef-02eb-474a-b116-e3f0b9823174,7eKT5aWn3_hOugztPLMFlBVgRGmh8T8tOgSJbPKiEvA=,p8Z-9VmATBVOpSZS7_2Em2-jou21FWBJcb89heDi-Nc=,XGBRegressor
8.800664785652064,64,815963dc-aa4f-48cb-9aba-6a07adac57f7,KQ7vmMI_7awOIk3IuqfE3BfMic1XoJsbUlh7gKxsrdE=,p8Z-9VmATBVOpSZS7_2Em2-jou21FWBJcb89heDi-Nc=,XGBRegressor
8.800663131933707,26,242bdd7c-ac93-4537-9951-cad843a4c6eb,xDaCBYU-n5PWP2uiLZEHIkgz7-mesZWcRqmACq8u7j0=,p8Z-9VmATBVOpSZS7_2Em2-jou21FWBJcb89heDi-Nc=,XGBRegressor
8.800657397158956,52,b1c9c6c4-3088-45b9-a2e8-e30e9f38f7db,o4VymLs32btXQXDCLjJhjfhRvpcy8DkQslszUjcACFY=,p8Z-9VmATBVOpSZS7_2Em2-jou21FWBJcb89heDi-Nc=,XGBRegressor
8.800651726387896,94,d7b582fb-e4a7-4f25-83c1-74c150d82db6,S9XK_u3Bgg4DwgC83FEz05ZoeLJJaMNlbPD97IdEcsA=,p8Z-9VmATBVOpSZS7_2Em2-jou21FWBJcb89heDi-Nc=,XGBRegressor
8.800651030778928,55,9c9597a6-5a23-462b-b0b0-aa16070fbe06,Np2QxTbF3Ld4q_7OMcfWcsygU7caTs7KLh-ocMRfGGA=,p8Z-9VmATBVOpSZS7_2Em2-jou21FWBJcb89heDi-Nc=,XGBRegressor
8.800650619682608,40,d07e0929-4557-4e1c-be26-b01e3749ada0,M4AYqeeIbkSQ-y2rtHRm156mLRiABdWFpWrQHcNyl10=,p8Z-9VmATBVOpSZS7_2Em2-jou21FWBJcb89heDi-Nc=,XGBRegressor
8.800646018048722,50,fcd07dc1-c6f0-4aeb-bc2b-41845fa25106,gW74LNO7d-jAGAmFfNfCbcyxy7X9kC2Kj9yf_iKuY3A=,p8Z-9VmATBVOpSZS7_2Em2-jou21FWBJcb89heDi-Nc=,XGBRegressor
8.800625462091755,59,f478bc86-85d9-4429-90fa-68855ca087b6,ya4ijjTi20c83CPvP5a7-xSiK5YtuEHaHzfdm-dLJ9g=,p8Z-9VmATBVOpSZS7_2Em2-jou21FWBJcb89heDi-Nc=,XGBRegressor
8.800621446189172,88,088cf93a-6781-4e29-8393-f3dd3a903201,N-xfN2UZ8YKT2-lsPYxWvfn4dKRikezJOE1OOuPDMBA=,p8Z-9VmATBVOpSZS7_2Em2-jou21FWBJcb89heDi-Nc=,XGBRegressor
8.800619883726803,86,aea7c9e0-1dbf-478f-aefe-d3e28b00ca68,7NJyx64Jam6PzUIdJ-OBTQMbhEvyDlYqMePL7gNAveU=,p8Z-9VmATBVOpSZS7_2Em2-jou21FWBJcb89heDi-Nc=,XGBRegressor
8.800594884175181,54,24f14652-ddf5-4282-8eed-d6498f835e0b,397EQkV0H6YqdirwTZlVpeHQ8Nz5kOCRM_nqGh_1IGg=,p8Z-9VmATBVOpSZS7_2Em2-jou21FWBJcb89heDi-Nc=,XGBRegressor
8.800570980335301,65,259764c8-95ac-4fb0-8619-64f839ce8592,RV7BNggka4QBXgro-8vyQZoRtnrXw_8ajp9VjTWXkGk=,p8Z-9VmATBVOpSZS7_2Em2-jou21FWBJcb89heDi-Nc=,XGBRegressor
8.7995699264999,46,b349756e-cf5e-47a7-80a3-e26ada14fc0d,PpY33RzcaDcNE85eUYwSEF3CvxYbepcIK1oCB2mletU=,p8Z-9VmATBVOpSZS7_2Em2-jou21FWBJcb89heDi-Nc=,XGBRegressor
8.799568055580895,42,cbf25c36-ad13-4d01-9fce-b3ed44a02a47,GqQvOg8pbqqxJuuPlMiwUu2XcWeGSIQ5PnDguBE3oU0=,p8Z-9VmATBVOpSZS7_2Em2-jou21FWBJcb89heDi-Nc=,XGBRegressor
8.799566496413297,43,b9f9c98a-dca2-49cd-bd50-f0ae9d847097,pIRa8MyKaIyzQjQGnRmPuOxivt9H4_qAaK_4ZTXAs7M=,p8Z-9VmATBVOpSZS7_2Em2-jou21FWBJcb89heDi-Nc=,XGBRegressor
8.798248554373853,49,d668ef07-6213-4fb0-bc06-ed333d643d6f,PBAHasL5bCJKAFgbIeQLHvOiO4Y6VdklcRehPguTp7k=,p8Z-9VmATBVOpSZS7_2Em2-jou21FWBJcb89heDi-Nc=,XGBRegressor
8.798216084820263,81,1d70a955-fca3-4d3e-a9de-d6b259dac2ae,42LsKAqHfhjcidFLx9OxelrtSkJNe26ZbEBpSfdCD_o=,p8Z-9VmATBVOpSZS7_2Em2-jou21FWBJcb89heDi-Nc=,XGBRegressor
8.774725863704916,20,87078585-0f1d-4bbb-ba60-8e27f7c7b81e,6rWttCQQLTVKgBxPzAftGS17hj0-7rs3ut8GU-OG6KA=,p8Z-9VmATBVOpSZS7_2Em2-jou21FWBJcb89heDi-Nc=,XGBRegressor
8.562521834728221,18,e641d320-d17e-46fa-9240-e837ad1ee79a,NlQ7pVUFi1TtLgDYBn3iQ6i0SCFHcZ1CZN1t14YkPsg=,p8Z-9VmATBVOpSZS7_2Em2-jou21FWBJcb89heDi-Nc=,XGBRegressor
8.189860817287482,17,05e2e7d9-9aa7-4ea4-8880-d99cf0876784,FdHw90Wp5fY8_unwd6lnaQNS9Fv3G1Iplb7i5z-qAS8=,p8Z-9VmATBVOpSZS7_2Em2-jou21FWBJcb89heDi-Nc=,XGBRegressor
0.281000394269215,36,59a91c5c-5267-4c2b-8107-60f060643166,KsGW9Q1VfWPzcGjm7wNYe-2Dsf8jUViiWBo8aJiTwrw=,p8Z-9VmATBVOpSZS7_2Em2-jou21FWBJcb89heDi-Nc=,XGBRegressor
0.1806169960394156,23,8e66753c-4d15-4664-b0b8-86d6040ee4cb,9QuQEvBBQQsJ--rVOI9OaFwV68bgzwANf0o5ERqiOKI=,p8Z-9VmATBVOpSZS7_2Em2-jou21FWBJcb89heDi-Nc=,XGBRegressor
0.14568385547056492,3,0ba3d935-1d95-4abb-a58e-219aaaf7b16f,XV5GXh_1_8qEvDwgID-pnuaHbaKwGq-5St0Y5TWdeb8=,p8Z-9VmATBVOpSZS7_2Em2-jou21FWBJcb89heDi-Nc=,XGBRegressor
0.14472453304022426,6,6057837a-1a59-458b-8a88-597d5dde28d3,z83fvIwgSfC_nZN2GXsYTk9y3swVAaH9IN-xQ9uHSUk=,p8Z-9VmATBVOpSZS7_2Em2-jou21FWBJcb89heDi-Nc=,XGBRegressor
0.14222118910885764,41,e11f4a89-5f30-40eb-9f9e-77abbfaf0bf3,Nj2UBeDThPyVELw-aseFes21eUkLZmuyaiKZRd6uMhM=,p8Z-9VmATBVOpSZS7_2Em2-jou21FWBJcb89heDi-Nc=,XGBRegressor
0.1370012551106554,10,4e25ffd4-ad56-4ee2-9e94-0a35accbcec1,XBsM6cQE_E-J9YMs_RiuYjl7CvxMyjRpow4AyacVrmg=,p8Z-9VmATBVOpSZS7_2Em2-jou21FWBJcb89heDi-Nc=,XGBRegressor
0.1245129736989171,16,5b03dfd3-ddcb-4bac-b136-88334a9689d9,2Q94VMHxL-awge6-lGlbpO5EsA5gehw_9dsybsS6bO4=,p8Z-9VmATBVOpSZS7_2Em2-jou21FWBJcb89heDi-Nc=,XGBRegressor
0.12305097210137247,7,bce95d06-f8e5-484b-92c1-5dc64efe85c3,sagW-D0bXxYkU93PQaXX_akUpEvRyC8vIZrmqww1hkg=,p8Z-9VmATBVOpSZS7_2Em2-jou21FWBJcb89heDi-Nc=,XGBRegressor
0.12167778062839547,1,72ee3de2-1609-410b-967f-d00067841417,uBuHhs6wmgDCt0cgvVtu61xC7FUBjsweDne0RvrJylc=,p8Z-9VmATBVOpSZS7_2Em2-jou21FWBJcb89heDi-Nc=,XGBRegressor
0.12128820560537565,0,c6bfadb8-f40b-482a-8e09-2ea92b9d3b7a,lIRa42piXxWZtvavdaa_nvpuotid-uneHdeQ56xDz0M=,p8Z-9VmATBVOpSZS7_2Em2-jou21FWBJcb89heDi-Nc=,XGBRegressor
0.11881330710838607,9,ff96afed-e3f9-4dc8-b610-c3b95037c9bf,yBDbo4jiVPBxWXBC6WTYTz9aI6wKGGs_THT2ZfnsOfU=,p8Z-9VmATBVOpSZS7_2Em2-jou21FWBJcb89heDi-Nc=,XGBRegressor
0.11757335675988988,27,9f2ca57e-39ff-4e58-9083-d9c808d226dc,Ce1yhM-s1E1plAGG3tomAE1Q6W3UaYe-YO0SqYSYW78=,p8Z-9VmATBVOpSZS7_2Em2-jou21FWBJcb89heDi-Nc=,XGBRegressor
0.11456959409683964,5,a33de370-702d-42ed-bfff-7ce58104b345,fRzSBzjqrMSVIRTt5b0hpCF5f-GGNnoxeExEE2oh1zA=,p8Z-9VmATBVOpSZS7_2Em2-jou21FWBJcb89heDi-Nc=,XGBRegressor
0.1101390710679743,11,c288021b-226c-4f21-95f7-cbf3c9a2b2de,k6DU5EEzaL8RMWPtnMzEhNccntE4AR-XvVibQ3VGcNY=,p8Z-9VmATBVOpSZS7_2Em2-jou21FWBJcb89heDi-Nc=,XGBRegressor
0.10846862599584643,29,79c3a51e-1d76-4203-9522-01b30c01bc8e,ufPapgBMJRzN0tbV_qlQ6L9I_I135g8TWGM3mg-pV4c=,p8Z-9VmATBVOpSZS7_2Em2-jou21FWBJcb89heDi-Nc=,XGBRegressor
0.10759366956087547,12,2ec8453d-0ff5-4059-b580-9fc59d4ffe08,wlb9ArBBM8zMhFaMEkWmipHLZ-aLYKRFCYhHzRxrdpQ=,p8Z-9VmATBVOpSZS7_2Em2-jou21FWBJcb89heDi-Nc=,XGBRegressor
0.10716663071063398,2,67a3d4c6-a03b-491d-905a-355adacd6315,THRBYPVHHc3nM8Bz9Xu5YeqJy1JNjxnssl-TkHXE64I=,p8Z-9VmATBVOpSZS7_2Em2-jou21FWBJcb89heDi-Nc=,XGBRegressor
0.10594170347665433,32,5675bb90-6ffe-4d5e-b315-bcf6c9c5682b,fD2CY0vco6iRZqVqAoM6aji_zRi1creJGAiTtHANMaU=,p8Z-9VmATBVOpSZS7_2Em2-jou21FWBJcb89heDi-Nc=,XGBRegressor
0.10527619269101446,37,6de74fef-86f4-4286-bc4e-ef25f1f8b436,zmjf6rY15tbokgEB_RbPfWUvYsGZnhLSf1A6kUSaN-Q=,p8Z-9VmATBVOpSZS7_2Em2-jou21FWBJcb89heDi-Nc=,XGBRegressor
0.10503711709176523,13,a34cf06c-28d5-4b24-9b4d-cce5f7c86748,V4DFJxf4_1HRJ32EgYMX02lJqZwYpM1Vy-4Jw8kNQ8w=,p8Z-9VmATBVOpSZS7_2Em2-jou21FWBJcb89heDi-Nc=,XGBRegressor
0.10330725969740907,24,23f6f7e1-29c9-4489-bcfc-78c5723a4dfc,EAs0YsoiRNZPQDMz3o3Nqu9OaDmGYwlmcxXeET9OQCI=,p8Z-9VmATBVOpSZS7_2Em2-jou21FWBJcb89heDi-Nc=,XGBRegressor
0.10323734742253418,31,bf448ae3-7482-479c-be46-17c17d1fee20,NAxA3o54lQFSR6AdmI0ZXAX2CYdd2eaYQIQ38fS1IFA=,p8Z-9VmATBVOpSZS7_2Em2-jou21FWBJcb89heDi-Nc=,XGBRegressor
0.10301535158877104,8,0ea72d19-c5a1-4b9f-a3b2-252f3a62a4b5,81U8iQAKs61Jxg1iqmhUYgVk9egTURt7GYvHmDLVAio=,p8Z-9VmATBVOpSZS7_2Em2-jou21FWBJcb89heDi-Nc=,XGBRegressor
0.10287617870132948,4,786acb4d-4297-45a8-a068-607d79874a70,4Xv9QjDiq1mLw8I6VfiQ7xk8Daq_lWyGkdBjnahAz_4=,p8Z-9VmATBVOpSZS7_2Em2-jou21FWBJcb89heDi-Nc=,XGBRegressor
